{
    "questions": [
        {
            "question": "Какого цвета бургер?",
            "answers": [
                {
                    "title": "Стандарт",
                    "url": "./image/burger.png"
                },
                {
                    "title": "Черный",
                    "url": "./image/burgerBlack.png"
                }
            ],
            "type": "radio"
        },
        {
            "question": "Из какого мяса котлета?",
            "answers": [
                {
                    "title": "Курица",
                    "url": "./image/chickenMeat.png"
                },
                {
                    "title": "Говядина",
                    "url": "./image/beefMeat.png"
                },
                {
                    "title": "Свинина",
                    "url": "./image/porkMeat.png"
                }
            ],
            "type": "radio"
        },
        {
            "question": "Дополнительные ингредиенты?",
            "answers": [
                {
                    "title": "Помидор",
                    "url": "./image/tomato.png"
                },
                {
                    "title": "Огурец",
                    "url": "./image/cucumber.png"
                },
                {
                    "title": "Салат",
                    "url": "./image/salad.png"
                },
                {
                    "title": "Лук",
                    "url": "./image/onion.png"
                }
            ],
            "type": "checkbox"
        },
        {
            "question": "Добавить соус?",
            "answers": [
                {
                    "title": "Чесночный",
                    "url": "./image/sauce1.png"
                },
                {
                    "title": "Томатный",
                    "url": "./image/sauce2.png"
                },
                {
                    "title": "Горчичный",
                    "url": "./image/sauce3.png"
                }
            ],
            "type": "radio"
        }
    ]
}